CLUSTER,MEAN,STD
-1,-0.009235250402744706,0.2088519047210575
1,0.11,0.21275005981229428
2,0.07,0.1853866591710247
3,-0.10,0.11736420941348293
4,-0.01,0.18821923265504661
5,-0.17,0.16351016179076203
6,0.05,0.26013671662852905
7,0.02,0.2616978912097445
8,-0.12,0.13546310325710434
9,-0.06,0.17167422140333988
10,-0.06,0.13169838406631523
