CLUSTER,MEAN +- STD
-1,-0.007997783622105582 +- 0.20504962041981348
1,-0.00 +- 0.26
2,0.05 +- 0.16
3,-0.17 +- 0.15
4,-0.14 +- 0.09
5,0.02 +- 0.19
6,-0.06 +- 0.13
7,0.05 +- 0.27
8,-0.10 +- 0.15
9,-0.08 +- 0.15
10,0.07 +- 0.24
