CLUSTER,MEAN,STD
-1,-0.016435387171092088,0.21245356596226742
0,0.047156220560024276,0.24466162570540756
1,0.03608883517013422,0.19519749534118114
2,-0.2167553311467251,0.18436625613271027
3,-0.06767288561735062,0.14095564165532254
4,-0.0722054196289155,0.13063030386355254
5,0.03246181904220255,0.255015738736331
6,-0.0954978135796299,0.14197829496451697
7,-0.04575468293136907,0.21041219069661635
